[
    {
        "key": "group_649ab3db545ad",
        "title": "standard block: accordion",
        "fields": [
            {
                "key": "field_649ab44b12057",
                "label": "Accordion Group",
                "name": "accordion_group",
                "aria-label": "",
                "type": "repeater",
                "instructions": "",
                "required": 0,
                "conditional_logic": 0,
                "wrapper": {
                    "width": "",
                    "class": "",
                    "id": ""
                },
                "layout": "block",
                "pagination": 0,
                "min": 0,
                "max": 0,
                "collapsed": "",
                "button_label": "Add Row",
                "rows_per_page": 20,
                "sub_fields": [
                    {
                        "key": "field_660c205a061b0",
                        "label": "Title",
                        "name": "title",
                        "aria-label": "",
                        "type": "text",
                        "instructions": "",
                        "required": 0,
                        "conditional_logic": 0,
                        "wrapper": {
                            "width": "",
                            "class": "",
                            "id": ""
                        },
                        "default_value": "",
                        "maxlength": "",
                        "placeholder": "",
                        "prepend": "",
                        "append": "",
                        "parent_repeater": "field_649ab44b12057"
                    },
                    {
                        "key": "field_660c2060061b1",
                        "label": "Content",
                        "name": "content",
                        "aria-label": "",
                        "type": "wysiwyg",
                        "instructions": "",
                        "required": 0,
                        "conditional_logic": 0,
                        "wrapper": {
                            "width": "",
                            "class": "",
                            "id": ""
                        },
                        "default_value": "",
                        "tabs": "all",
                        "toolbar": "full",
                        "media_upload": 1,
                        "delay": 0,
                        "parent_repeater": "field_649ab44b12057"
                    }
                ]
            }
        ],
        "location": [
            [
                {
                    "param": "block",
                    "operator": "==",
                    "value": "acf\/accordion"
                }
            ]
        ],
        "menu_order": 0,
        "position": "normal",
        "style": "default",
        "label_placement": "top",
        "instruction_placement": "label",
        "hide_on_screen": "",
        "active": true,
        "description": "",
        "show_in_rest": 0
    },
    {
        "key": "group_65f9e08337f47",
        "title": "standard block: call to action",
        "fields": [
            {
                "key": "field_65f9e083a4f06",
                "label": "CTA Style",
                "name": "cta_style",
                "aria-label": "",
                "type": "select",
                "instructions": "",
                "required": 0,
                "conditional_logic": 0,
                "wrapper": {
                    "width": "",
                    "class": "",
                    "id": ""
                },
                "choices": {
                    "text": "Text",
                    "image": "Text and Image"
                },
                "default_value": "text",
                "return_format": "value",
                "multiple": 0,
                "allow_null": 0,
                "ui": 0,
                "ajax": 0,
                "placeholder": ""
            },
            {
                "key": "field_65f9e241a4f08",
                "label": "CTA Image",
                "name": "cta_image",
                "aria-label": "",
                "type": "image",
                "instructions": "",
                "required": 0,
                "conditional_logic": [
                    [
                        {
                            "field": "field_65f9e083a4f06",
                            "operator": "==",
                            "value": "image"
                        }
                    ]
                ],
                "wrapper": {
                    "width": "",
                    "class": "",
                    "id": ""
                },
                "return_format": "array",
                "library": "all",
                "min_width": "",
                "min_height": "",
                "min_size": "",
                "max_width": "",
                "max_height": "",
                "max_size": "",
                "mime_types": "",
                "preview_size": "medium"
            },
            {
                "key": "field_65f9e257a4f09",
                "label": "Button Link",
                "name": "button_link",
                "aria-label": "",
                "type": "link",
                "instructions": "",
                "required": 0,
                "conditional_logic": 0,
                "wrapper": {
                    "width": "",
                    "class": "",
                    "id": ""
                },
                "return_format": "array"
            },
            {
                "key": "field_65f9e4c1a4f0a",
                "label": "Vertical?",
                "name": "vertical",
                "aria-label": "",
                "type": "true_false",
                "instructions": "",
                "required": 0,
                "conditional_logic": 0,
                "wrapper": {
                    "width": "",
                    "class": "",
                    "id": ""
                },
                "message": "",
                "default_value": 0,
                "ui": 0,
                "ui_on_text": "",
                "ui_off_text": ""
            }
        ],
        "location": [
            [
                {
                    "param": "block",
                    "operator": "==",
                    "value": "acf\/theme-cta"
                }
            ]
        ],
        "menu_order": 0,
        "position": "normal",
        "style": "default",
        "label_placement": "top",
        "instruction_placement": "label",
        "hide_on_screen": "",
        "active": true,
        "description": "",
        "show_in_rest": 0
    },
    {
        "key": "group_65f20c6a12065",
        "title": "standard block: page header",
        "fields": [
            {
                "key": "field_65f20c6ac1ad1",
                "label": "image",
                "name": "image",
                "aria-label": "",
                "type": "image",
                "instructions": "",
                "required": 0,
                "conditional_logic": 0,
                "wrapper": {
                    "width": "",
                    "class": "",
                    "id": ""
                },
                "return_format": "array",
                "library": "all",
                "min_width": "",
                "min_height": "",
                "min_size": "",
                "max_width": "",
                "max_height": "",
                "max_size": "",
                "mime_types": "",
                "preview_size": "medium"
            }
        ],
        "location": [
            [
                {
                    "param": "block",
                    "operator": "==",
                    "value": "acf\/page-header"
                }
            ]
        ],
        "menu_order": 0,
        "position": "normal",
        "style": "default",
        "label_placement": "top",
        "instruction_placement": "label",
        "hide_on_screen": "",
        "active": true,
        "description": "",
        "show_in_rest": 0
    },
    {
        "key": "group_660c51de513fb",
        "title": "standard block: post list",
        "fields": [
            {
                "key": "field_660c51df58991",
                "label": "Category",
                "name": "category",
                "aria-label": "",
                "type": "taxonomy",
                "instructions": "",
                "required": 0,
                "conditional_logic": 0,
                "wrapper": {
                    "width": "",
                    "class": "",
                    "id": ""
                },
                "taxonomy": "category",
                "add_term": 0,
                "save_terms": 0,
                "load_terms": 0,
                "return_format": "id",
                "field_type": "checkbox",
                "bidirectional": 0,
                "multiple": 0,
                "allow_null": 0,
                "bidirectional_target": []
            },
            {
                "key": "field_660c523c58992",
                "label": "Post Count",
                "name": "post_count",
                "aria-label": "",
                "type": "number",
                "instructions": "",
                "required": 0,
                "conditional_logic": 0,
                "wrapper": {
                    "width": "",
                    "class": "",
                    "id": ""
                },
                "default_value": 3,
                "min": "",
                "max": "",
                "placeholder": "",
                "step": "",
                "prepend": "",
                "append": ""
            },
            {
                "key": "field_660c524e58993",
                "label": "Show Date",
                "name": "show_date",
                "aria-label": "",
                "type": "true_false",
                "instructions": "",
                "required": 0,
                "conditional_logic": 0,
                "wrapper": {
                    "width": "",
                    "class": "",
                    "id": ""
                },
                "message": "",
                "default_value": 0,
                "ui": 0,
                "ui_on_text": "",
                "ui_off_text": ""
            },
            {
                "key": "field_660c526758994",
                "label": "Show Category",
                "name": "show_category",
                "aria-label": "",
                "type": "true_false",
                "instructions": "",
                "required": 0,
                "conditional_logic": 0,
                "wrapper": {
                    "width": "",
                    "class": "",
                    "id": ""
                },
                "message": "",
                "default_value": 0,
                "ui": 0,
                "ui_on_text": "",
                "ui_off_text": ""
            }
        ],
        "location": [
            [
                {
                    "param": "block",
                    "operator": "==",
                    "value": "acf\/post-list"
                }
            ]
        ],
        "menu_order": 0,
        "position": "normal",
        "style": "default",
        "label_placement": "top",
        "instruction_placement": "label",
        "hide_on_screen": "",
        "active": true,
        "description": "",
        "show_in_rest": 0
    },
    {
        "key": "group_660c14ad97459",
        "title": "standard block: sidebar nav",
        "fields": [],
        "location": [
            [
                {
                    "param": "block",
                    "operator": "==",
                    "value": "acf\/sidebar-nav"
                }
            ]
        ],
        "menu_order": 0,
        "position": "normal",
        "style": "default",
        "label_placement": "top",
        "instruction_placement": "label",
        "hide_on_screen": "",
        "active": true,
        "description": "",
        "show_in_rest": 0
    },
    {
        "key": "group_64ad77ee123bf",
        "title": "standard block: testimonials",
        "fields": [
            {
                "key": "field_64ad77ee9b326",
                "label": "Testimonials",
                "name": "testimonials",
                "aria-label": "",
                "type": "repeater",
                "instructions": "",
                "required": 0,
                "conditional_logic": 0,
                "wrapper": {
                    "width": "",
                    "class": "",
                    "id": ""
                },
                "layout": "table",
                "pagination": 0,
                "min": 0,
                "max": 0,
                "collapsed": "",
                "button_label": "Add Row",
                "rows_per_page": 20,
                "sub_fields": [
                    {
                        "key": "field_64ad78129b327",
                        "label": "Quote",
                        "name": "quote",
                        "aria-label": "",
                        "type": "textarea",
                        "instructions": "",
                        "required": 0,
                        "conditional_logic": 0,
                        "wrapper": {
                            "width": "",
                            "class": "",
                            "id": ""
                        },
                        "default_value": "",
                        "maxlength": "",
                        "rows": "",
                        "placeholder": "",
                        "new_lines": "",
                        "parent_repeater": "field_64ad77ee9b326"
                    },
                    {
                        "key": "field_64ad781c9b328",
                        "label": "Name",
                        "name": "name",
                        "aria-label": "",
                        "type": "text",
                        "instructions": "",
                        "required": 0,
                        "conditional_logic": 0,
                        "wrapper": {
                            "width": "",
                            "class": "",
                            "id": ""
                        },
                        "default_value": "",
                        "maxlength": "",
                        "placeholder": "",
                        "prepend": "",
                        "append": "",
                        "parent_repeater": "field_64ad77ee9b326"
                    },
                    {
                        "key": "field_64ad782b9b329",
                        "label": "Title",
                        "name": "title",
                        "aria-label": "",
                        "type": "text",
                        "instructions": "",
                        "required": 0,
                        "conditional_logic": 0,
                        "wrapper": {
                            "width": "",
                            "class": "",
                            "id": ""
                        },
                        "default_value": "",
                        "maxlength": "",
                        "placeholder": "",
                        "prepend": "",
                        "append": "",
                        "parent_repeater": "field_64ad77ee9b326"
                    }
                ]
            }
        ],
        "location": [
            [
                {
                    "param": "block",
                    "operator": "==",
                    "value": "acf\/testimonials"
                }
            ]
        ],
        "menu_order": 0,
        "position": "normal",
        "style": "default",
        "label_placement": "top",
        "instruction_placement": "label",
        "hide_on_screen": "",
        "active": true,
        "description": "",
        "show_in_rest": 0
    },
    {
        "key": "group_64ad4b3c25190",
        "title": "standard block: theme cards",
        "fields": [
            {
                "key": "field_65ce4063b9bcf",
                "label": "Use Icons",
                "name": "use_icons",
                "aria-label": "",
                "type": "true_false",
                "instructions": "",
                "required": 0,
                "conditional_logic": 0,
                "wrapper": {
                    "width": "",
                    "class": "",
                    "id": ""
                },
                "message": "",
                "default_value": 0,
                "ui": 0,
                "ui_on_text": "",
                "ui_off_text": ""
            },
            {
                "key": "field_64ad4b3c9307c",
                "label": "Cards",
                "name": "cards",
                "aria-label": "",
                "type": "repeater",
                "instructions": "",
                "required": 0,
                "conditional_logic": 0,
                "wrapper": {
                    "width": "",
                    "class": "",
                    "id": ""
                },
                "layout": "block",
                "pagination": 0,
                "min": 0,
                "max": 0,
                "collapsed": "",
                "button_label": "Add Row",
                "rows_per_page": 20,
                "sub_fields": [
                    {
                        "key": "field_65ce4088b9bd0",
                        "label": "Icon Name",
                        "name": "icon_name",
                        "aria-label": "",
                        "type": "text",
                        "instructions": "",
                        "required": 0,
                        "conditional_logic": [
                            [
                                {
                                    "field": "field_65ce4063b9bcf",
                                    "operator": "==",
                                    "value": "1"
                                }
                            ]
                        ],
                        "wrapper": {
                            "width": "",
                            "class": "",
                            "id": ""
                        },
                        "default_value": "",
                        "maxlength": "",
                        "placeholder": "",
                        "prepend": "",
                        "append": "",
                        "parent_repeater": "field_64ad4b3c9307c"
                    },
                    {
                        "key": "field_64ad4b9e9307d",
                        "label": "Image",
                        "name": "image",
                        "aria-label": "",
                        "type": "image",
                        "instructions": "",
                        "required": 0,
                        "conditional_logic": [
                            [
                                {
                                    "field": "field_65ce4063b9bcf",
                                    "operator": "!=",
                                    "value": "1"
                                }
                            ]
                        ],
                        "wrapper": {
                            "width": "",
                            "class": "",
                            "id": ""
                        },
                        "return_format": "array",
                        "library": "all",
                        "min_width": "",
                        "min_height": "",
                        "min_size": "",
                        "max_width": "",
                        "max_height": "",
                        "max_size": "",
                        "mime_types": "",
                        "preview_size": "medium",
                        "parent_repeater": "field_64ad4b3c9307c"
                    },
                    {
                        "key": "field_65f9ffec2d657",
                        "label": "Content",
                        "name": "content",
                        "aria-label": "",
                        "type": "wysiwyg",
                        "instructions": "",
                        "required": 0,
                        "conditional_logic": 0,
                        "wrapper": {
                            "width": "",
                            "class": "",
                            "id": ""
                        },
                        "default_value": "<h3>This is the header<\/h3>\r\n<p>This is the content of the card.<\/p>",
                        "tabs": "all",
                        "toolbar": "full",
                        "media_upload": 1,
                        "delay": 0,
                        "parent_repeater": "field_64ad4b3c9307c"
                    },
                    {
                        "key": "field_65ce4108b9bd2",
                        "label": "Link",
                        "name": "link",
                        "aria-label": "",
                        "type": "link",
                        "instructions": "",
                        "required": 0,
                        "conditional_logic": 0,
                        "wrapper": {
                            "width": "",
                            "class": "",
                            "id": ""
                        },
                        "return_format": "array",
                        "parent_repeater": "field_64ad4b3c9307c"
                    }
                ]
            },
            {
                "key": "field_65ce414eb9bd3",
                "label": "Card Size",
                "name": "card_size",
                "aria-label": "",
                "type": "select",
                "instructions": "",
                "required": 0,
                "conditional_logic": 0,
                "wrapper": {
                    "width": "",
                    "class": "",
                    "id": ""
                },
                "choices": {
                    "small": "Small",
                    "medium": "Medium",
                    "large": "Large"
                },
                "default_value": "medium",
                "return_format": "value",
                "multiple": 0,
                "allow_null": 0,
                "ui": 0,
                "ajax": 0,
                "placeholder": ""
            },
            {
                "key": "field_65ce479cab1b2",
                "label": "Tall Image",
                "name": "tall_image",
                "aria-label": "",
                "type": "true_false",
                "instructions": "",
                "required": 0,
                "conditional_logic": 0,
                "wrapper": {
                    "width": "",
                    "class": "",
                    "id": ""
                },
                "message": "",
                "default_value": 0,
                "ui": 0,
                "ui_on_text": "",
                "ui_off_text": ""
            },
            {
                "key": "field_65ce47adab1b3",
                "label": "Dark Box",
                "name": "dark_box",
                "aria-label": "",
                "type": "true_false",
                "instructions": "",
                "required": 0,
                "conditional_logic": 0,
                "wrapper": {
                    "width": "",
                    "class": "",
                    "id": ""
                },
                "message": "",
                "default_value": 0,
                "ui": 0,
                "ui_on_text": "",
                "ui_off_text": ""
            },
            {
                "key": "field_660c0d4f33516",
                "label": "Text Over Image",
                "name": "text_over_image",
                "aria-label": "",
                "type": "true_false",
                "instructions": "",
                "required": 0,
                "conditional_logic": 0,
                "wrapper": {
                    "width": "",
                    "class": "",
                    "id": ""
                },
                "message": "",
                "default_value": 0,
                "ui": 0,
                "ui_on_text": "",
                "ui_off_text": ""
            },
            {
                "key": "field_65cf7426e0b6c",
                "label": "Center Text",
                "name": "center_text",
                "aria-label": "",
                "type": "true_false",
                "instructions": "",
                "required": 0,
                "conditional_logic": 0,
                "wrapper": {
                    "width": "",
                    "class": "",
                    "id": ""
                },
                "message": "",
                "default_value": 0,
                "ui": 0,
                "ui_on_text": "",
                "ui_off_text": ""
            },
            {
                "key": "field_65cf7c6a01607",
                "label": "Overlap Top Element",
                "name": "overlap_top_element",
                "aria-label": "",
                "type": "true_false",
                "instructions": "",
                "required": 0,
                "conditional_logic": 0,
                "wrapper": {
                    "width": "",
                    "class": "",
                    "id": ""
                },
                "message": "",
                "default_value": 0,
                "ui": 0,
                "ui_on_text": "",
                "ui_off_text": ""
            },
            {
                "key": "field_65cfa086fe277",
                "label": "Contain Image",
                "name": "contain_image",
                "aria-label": "",
                "type": "true_false",
                "instructions": "",
                "required": 0,
                "conditional_logic": 0,
                "wrapper": {
                    "width": "",
                    "class": "",
                    "id": ""
                },
                "message": "",
                "default_value": 0,
                "ui": 0,
                "ui_on_text": "",
                "ui_off_text": ""
            },
            {
                "key": "field_65dde4f5275a5",
                "label": "Flex Grow",
                "name": "flex_grow",
                "aria-label": "",
                "type": "true_false",
                "instructions": "",
                "required": 0,
                "conditional_logic": 0,
                "wrapper": {
                    "width": "",
                    "class": "",
                    "id": ""
                },
                "message": "",
                "default_value": 0,
                "ui": 0,
                "ui_on_text": "",
                "ui_off_text": ""
            }
        ],
        "location": [
            [
                {
                    "param": "block",
                    "operator": "==",
                    "value": "acf\/theme-cards"
                }
            ]
        ],
        "menu_order": 0,
        "position": "normal",
        "style": "default",
        "label_placement": "top",
        "instruction_placement": "label",
        "hide_on_screen": "",
        "active": true,
        "description": "",
        "show_in_rest": 0
    },
    {
        "key": "group_65f9bc50da229",
        "title": "standard block: theme image",
        "fields": [
            {
                "key": "field_65f9bc51b74b1",
                "label": "Image Style",
                "name": "image_style",
                "aria-label": "",
                "type": "select",
                "instructions": "",
                "required": 0,
                "conditional_logic": 0,
                "wrapper": {
                    "width": "",
                    "class": "",
                    "id": ""
                },
                "choices": {
                    "one image": "One Image",
                    "two images": "Two Images",
                    "content": "Content Overlay"
                },
                "default_value": "one image",
                "return_format": "value",
                "multiple": 0,
                "allow_null": 0,
                "ui": 0,
                "ajax": 0,
                "placeholder": ""
            },
            {
                "key": "field_65f9bcd4b74b2",
                "label": "Image One",
                "name": "image_one",
                "aria-label": "",
                "type": "image",
                "instructions": "",
                "required": 0,
                "conditional_logic": 0,
                "wrapper": {
                    "width": "",
                    "class": "",
                    "id": ""
                },
                "return_format": "array",
                "library": "all",
                "min_width": "",
                "min_height": "",
                "min_size": "",
                "max_width": "",
                "max_height": "",
                "max_size": "",
                "mime_types": "",
                "preview_size": "medium"
            },
            {
                "key": "field_65f9bce7b74b3",
                "label": "Image Two",
                "name": "image_two",
                "aria-label": "",
                "type": "image",
                "instructions": "",
                "required": 0,
                "conditional_logic": [
                    [
                        {
                            "field": "field_65f9bc51b74b1",
                            "operator": "==",
                            "value": "two images"
                        }
                    ]
                ],
                "wrapper": {
                    "width": "",
                    "class": "",
                    "id": ""
                },
                "return_format": "array",
                "library": "all",
                "min_width": "",
                "min_height": "",
                "min_size": "",
                "max_width": "",
                "max_height": "",
                "max_size": "",
                "mime_types": "",
                "preview_size": "medium"
            },
            {
                "key": "field_65f9bd26b74b4",
                "label": "Image Content",
                "name": "image_content",
                "aria-label": "",
                "type": "wysiwyg",
                "instructions": "",
                "required": 0,
                "conditional_logic": [
                    [
                        {
                            "field": "field_65f9bc51b74b1",
                            "operator": "==",
                            "value": "content"
                        }
                    ]
                ],
                "wrapper": {
                    "width": "",
                    "class": "",
                    "id": ""
                },
                "default_value": "",
                "tabs": "all",
                "toolbar": "full",
                "media_upload": 1,
                "delay": 0
            },
            {
                "key": "field_65f9bd6db74b5",
                "label": "Image Flair",
                "name": "image_flair",
                "aria-label": "",
                "type": "select",
                "instructions": "",
                "required": 0,
                "conditional_logic": 0,
                "wrapper": {
                    "width": "",
                    "class": "",
                    "id": ""
                },
                "choices": {
                    "no_flair": "No Flair",
                    "flair_one": "Flair One",
                    "flair_two": "Flair Two"
                },
                "default_value": false,
                "return_format": "array",
                "multiple": 0,
                "allow_null": 0,
                "ui": 0,
                "ajax": 0,
                "placeholder": ""
            }
        ],
        "location": [
            [
                {
                    "param": "block",
                    "operator": "==",
                    "value": "acf\/theme-image"
                }
            ]
        ],
        "menu_order": 0,
        "position": "normal",
        "style": "default",
        "label_placement": "top",
        "instruction_placement": "label",
        "hide_on_screen": "",
        "active": true,
        "description": "",
        "show_in_rest": 0
    }
]
